"city_id","city_name","year","pop","density_pop","unemp_rate","gdp_prousd","peoplekilled_in_roadaccident","deaths_roadaccidents","nationals","nationals_.","eu_foreigners","eu_foreigners_.","extraeu_foreigners","extraeu_foreigners_.","nativeborn","nativeborn_.","cars","cars_perc","Capital","cold_weather","URSS_Influence","Closeness","Cultural_affinity","X"
1,"Tallinn",2000,400378,2518,NA,24973,NA,NA,284684,"71",569,0.14,111334,27.81,NA,NA,119632,29.88,1,1,1,1,1,NA
1,"Tallinn",2001,399685,2514,13,26849,0.65,26,287560.333333333,"",976.75,0.24125,102280.625,25.545,NA,NA,109903,27.5525,1,1,1,1,1,NA
1,"Tallinn",2002,398434,2506,12,28989,0.603333333333333,24,290436.666666667,"",1384.5,0.3425,93227.25,23.28,NA,NA,100174,25.225,1,1,1,1,1,NA
1,"Tallinn",2003,397150,2498,11,31412,0.556666666666667,22,293313,"",1792.25,0.44375,84173.875,21.015,NA,NA,90445,22.8975,1,1,1,1,1,NA
1,"Tallinn",2004,392306,2467,10,33897,0.51,20,296189.333333333,"",2200,0.545,75120.5,18.75,NA,NA,80716,20.57,1,1,1,1,1,NA
1,"Tallinn",2005,401646,2526,8,36485,0.42,17,299065.666666667,"",2607.75,0.64625,66067.125,16.485,NA,NA,80716,20.1,1,1,1,1,1,NA
1,"Tallinn",2006,398635,2507,4,40641,0.55,22,301942,"76",3015.5,0.7475,57013.75,14.22,NA,NA,81681,20.49,1,1,1,1,1,NA
1,"Tallinn",2007,399141,2510,3,42711,0.63,25,303406,"76",3423.25,0.84875,47960.375,11.955,NA,NA,83449,20.91,1,1,1,1,1,NA
1,"Tallinn",2008,401389,2524,4,39859,0.42,17,306777,"76",3831,0.95,38907,9.69,NA,NA,69742,17.38,1,1,1,1,1,NA
1,"Tallinn",2009,403930,2540,14,35067,0.27,11,309410,"77",4649.5,0,63705.5,0,NA,NA,69438,17.19,1,1,1,1,1,NA
1,"Tallinn",2010,406665,2558,12,35013,0.15,6,312373,"77",5468,1.34,88504,21.76,313559,77.1,68965,16.96,1,1,1,1,1,NA
1,"Tallinn",2011,393222,2473,10,38219,0.31,12,315316.5,"",4561,0,85120.5,0,312695,79.52,80722,20.53,1,1,1,1,1,NA
1,"Tallinn",2012,403862,2540,8,40015,0.32,13,318260,"79",3654,0.9,81737,20.24,322843,79.94,91692,22.7,1,1,1,1,1,NA
1,"Tallinn",2013,406059,2554,6,40750,0.3,12,320334,"79",3630,0.89,81760,20.14,325848,80.25,100413,24.73,1,1,1,1,1,NA
1,"Tallinn",2014,411063,2585,6,42326,0.17,7,325511,"79",3625,0.88,81669,19.87,331044,80.53,107924,26.25,1,1,1,1,1,NA
1,"Tallinn",2015,413782,2602,5,43547,0.29,8,328864,"79",3712,0.9,81206,19.63,331697,80.16,107784,26.05,1,1,1,1,1,NA
1,"Tallinn",2016,423420,2663,6,44478,0.19,8,332430,"79",8404,1.98,82574,19.5,337580,79.73,115438,27.0,1,1,1,1,1,NA
1,"Tallinn",2017,426538,2683,5,46617,0.09,4,335268,"79",9179,2.15,82047,19.24,340193,79.76,123092,28.86,1,1,1,1,1,NA
1,"Tallinn",2018,430805,2709,5,47584,0.16,7,338258,"79",10264,2.38,82187,19.08,341884,79.36,135733,31.51,1,1,1,1,1,NA
1,"Tallinn",2019,434562,2733,4,49329,0.18,8,340018,"78",11422,2.63,83005,19.1,343626,79.07,136273,31.36,1,1,1,1,1,NA
1,"Tallinn",2020,438341,2757,6,47606,0.21,9,341270,"78",11426,2.61,85645,19.54,345056,78.72,140985,32.16,1,1,1,1,1,NA
2,"Riga",2000,762505,2353,8.5,17264,1.2,263,452698,"59",703,0.09,606352,79.52,557015,73.05,321773.5,49.29,1,1,1,1,1,NA
2,"Riga",2001,756627,2335,11,18668,2.19,517,459965.857142857,"",1038,0.14,64012,8.46,553697.454545455,73.5936363636364,502562,66.42,1,1,1,1,1,NA
2,"Riga",2002,747157,2306,10.6666666666667,20223,2.2,516.666666666667,467233.714285714,"",1070,0.14,57478,7.69,550379.909090909,74.1372727272727,526279,70.44,1,1,1,1,1,NA
2,"Riga",2003,739232,2282,10.3333333333333,22126,2.21,516.333333333333,474501.571428571,"",2732,0.37,43207.5,5.815,547062.363636364,74.6809090909091,552209,74.7,1,1,1,1,1,NA
2,"Riga",2004,735241,2269,10,24091,2.22,516,481769.428571429,"",4394,0.6,28937,3.94,543744.818181818,75.2245454545454,573395,77.99,1,1,1,1,1,NA
2,"Riga",2005,731762,2259,8,27121,1.92,442,489037.285714286,"",5278.75,0.735,123592.75,17.5675,540427.272727273,75.7681818181818,603624,82.49,1,1,1,1,1,NA
2,"Riga",2006,727578,2246,6,31511,1.77,407,496305.142857143,"",6163.5,0.87,218248.5,31.195,537109.727272727,76.3118181818182,660047,90.72,1,1,1,1,1,NA
2,"Riga",2007,722485,2230,6,33863,1.84,419,503573,"70",7048.25,1.005,312904.25,44.8225,533792.181818182,76.8554545454545,723720,100.17,1,1,1,1,1,NA
2,"Riga",2008,697272,2152,8,32789,1.39,316,506684,"73",7933,1.14,407560,58.45,530474.636363636,77.3990909090909,789650,113.25,1,1,1,1,1,NA
2,"Riga",2009,713016,2201,17,27855,1.12,254,508029,"71",7250.33333333333,0,383797.666666667,55.9866666666667,527157.090909091,77.9427272727273,814436,114.22,1,1,1,1,1,NA
2,"Riga",2010,673433,2078,17,27257,0.99,218,497634,"",6567.66666666667,0,360035.333333333,53.5233333333333,523839.545454545,78.4863636363636,799995,118.79,1,1,1,1,1,NA
2,"Riga",2011,658637,2033,17,27721,0.86,179,487239,"74",5885,0.89,336273,51.06,520522,79.03,557311,84.62,1,1,1,1,1,NA
2,"Riga",2012,649853,2006,14,30692,0.87,177,486075,"",5737.5,0,323048.5,49.6,518335.5,79.615,544293,83.76,1,1,1,1,1,NA
2,"Riga",2013,643615,1986,11.6666666666667,32467,0.88,179,484911,"75",5590,0.87,309824,48.14,516149,80.2,551368,85.67,1,1,1,1,1,NA
2,"Riga",2014,643368,1986,9.33333333333333,33129,1.06,212,488900,"76",6035,0.94,298800,46.44,518983,80.67,568423,88.35,1,1,1,1,1,NA
2,"Riga",2015,641007,1978,7,34840,0.95,188,489221,"76",6805,1.06,291628,45.5,519095,80.98,591112,92.22,1,1,1,1,1,NA
2,"Riga",2016,639342,1973,8,35864,0.8,158,492052,"77",5974,0.93,282972,44.26,520481,81.41,612459,95.8,1,1,1,1,1,NA
2,"Riga",2017,641201,1979,7.5,37063,0.7,136,498114,"78",5937,0.93,273509,42.66,525363,81.93,617633.5,97.135,1,1,1,1,1,NA
2,"Riga",2018,632479,1952,7,39733,0.77,148,491952,"78",6221,0.98,266310,42.11,518320,81.95,622808,98.47,1,1,1,1,1,NA
2,"Riga",2019,626147,1933,6,39537,0.82,124.5,488327,"78",6262,0.995,260206,41.51,513711,82.04,511409.75,81.845,1,1,1,1,1,NA
2,"Riga",2020,621120,1917,8,28718.5,0.87,101,486204,"78",6303,1.01,254102,40.91,510727,82.23,400011.5,65.22,1,1,1,1,1,NA
3,"Vilnius",2000,558816,1397,12,17900,0.92,77.5,514886.5,"",3277,0.53,130103,21.005,508006.666666667,41.115,288613.25,48.595,1,1,1,1,1,NA
3,"Vilnius",2001,554281,1386,16,19496,0.97,54,543569,"98",251,0.05,6104,1.1,505286.333333333,0,177215,31.97,1,1,1,1,1,NA
3,"Vilnius",2002,553373,1383,14,21952,0.976666666666667,54.3333333333333,541956.9,"",339.5,0.066,6111.1,1.105,502566,8.917,186372.333333333,33.6566666666667,1,1,1,1,1,NA
3,"Vilnius",2003,553232,1383,12,24409,0.983333333333333,54.6666666666667,540344.8,"",428,0.082,6118.2,1.11,499845.666666667,17.834,195529.666666667,35.3433333333333,1,1,1,1,1,NA
3,"Vilnius",2004,552800,1382,10,26178,0.99,55,538732.7,"",516.5,0.098,6125.3,1.115,497125.333333333,26.751,204687,37.03,1,1,1,1,1,NA
3,"Vilnius",2005,553061,1383,7,28804,0.96,53,537120.6,"",605,0.114,6132.4,1.12,494405,35.668,219772.5,39.73,1,1,1,1,1,NA
3,"Vilnius",2006,553553,1384,8.25,32510,0.81,45,535508.5,"",693.5,0.13,6139.5,1.125,491684.666666667,44.585,234858,42.43,1,1,1,1,1,NA
3,"Vilnius",2007,554409,1386,9.5,37222,1.23,68,533896.4,"",782,0.146,6146.6,1.13,488964.333333333,53.502,235162,42.42,1,1,1,1,1,NA
3,"Vilnius",2008,555733,1389,10.75,37562,0.77,43,532284.3,"",870.5,0.162,6153.7,1.135,486244,62.419,243158,43.75,1,1,1,1,1,NA
3,"Vilnius",2009,558165,1395,12,31956,0.54,30,530672.2,"",959,0.178,6160.8,1.14,483523.666666667,71.336,248593,44.54,1,1,1,1,1,NA
3,"Vilnius",2010,543191,1358,12,32508,0.39,21,529060.1,"",1047.5,0.194,6167.9,1.145,480803.333333333,80.253,247653.5,45.28,1,1,1,1,1,NA
3,"Vilnius",2011,536127,1340,10,34572,0.45,24,527448,"98",1136,0.21,6175,1.15,478083,89.17,246714,46.02,1,1,1,1,1,NA
3,"Vilnius",2012,533279,1333,8.75,36708,0.47,25,591845.636363636,"",5775.18181818182,0.534545454545455,13141.7272727273,1.59090909090909,505053.130434783,88.6682608695652,230485.5,42.89,1,1,1,1,1,NA
3,"Vilnius",2013,537152,1343,7.5,38860,0.48,26,656243.272727273,"",10414.3636363636,0.859090909090909,20108.4545454545,2.03181818181818,532023.260869565,88.1665217391304,214257,39.76,1,1,1,1,1,NA
3,"Vilnius",2014,539707,1349,6.25,40761,0.5,27,720640.909090909,"",15053.5454545455,1.18363636363636,27075.1818181818,2.47272727272727,558993.391304348,87.6647826086957,198028.5,36.63,1,1,1,1,1,NA
3,"Vilnius",2015,542626,1357,5,41917,0.33,18,785038.545454545,"",19692.7272727273,1.50818181818182,34041.9090909091,2.91363636363636,585963.52173913,87.1630434782609,181800,33.5,1,1,1,1,1,NA
3,"Vilnius",2016,543493,1359,4,43401,0.37,20,849436.181818182,"",24331.9090909091,1.83272727272727,41008.6363636364,3.35454545454545,612933.652173913,86.6613043478261,187678,34.53,1,1,1,1,1,NA
3,"Vilnius",2017,545280,1363,3,45232,0.35,19,913833.818181818,"",28971.0909090909,2.15727272727273,47975.3636363636,3.79545454545454,639903.782608696,86.1595652173913,192086,35.23,1,1,1,1,1,NA
3,"Vilnius",2018,547484,1369,3,48254,0.31,17,978231.454545455,"",33610.2727272727,2.48181818181818,54942.0909090909,4.23636363636364,666873.913043478,85.6578260869565,199144,36.37,1,1,1,1,1,NA
3,"Vilnius",2019,552131,1380,3,51026,0.38,21,1042629.09090909,"",38249.4545454545,2.80636363636364,61908.8181818182,4.67727272727273,693844.043478261,85.1560869565217,209440,37.93,1,1,1,1,1,NA
3,"Vilnius",2020,561836,1405,5,81973.5,0.2,11,1107026.72727273,"",42888.6363636364,3.13090909090909,68875.5454545455,5.11818181818182,720814.173913043,84.654347826087,218264,38.85,1,1,1,1,1,NA
4,"Stockholm",2000,1370815,4376,4,112921,0.235,24,1171424.36363636,"",47527.8181818182,3.45545454545455,75842.2727272727,5.55909090909091,747784.304347826,84.1526086956522,374723.5,38.655,1,1,0,1,0,NA
4,"Stockholm",2001,1381251,7347,3,110553,0.27,37,1235822,"89",52167,3.78,82809,6,774754.434782609,83.6508695652174,531183,38.46,1,1,0,1,0,NA
4,"Stockholm",2002,1389201,7387.66666666667,3.1875,114430,0.256875,36,1246706.66666667,"",53774.3333333333,3.87333333333333,78846,5.68333333333333,801724.565217391,83.1491304347826,536685.333333333,38.6433333333333,1,1,0,1,0,NA
4,"Stockholm",2003,1396385,7428.33333333333,3.375,116642,0.24375,35,1257591.33333333,"",55381.6666666667,3.96666666666667,74883,5.36666666666667,828694.695652174,82.6473913043478,542187.666666667,38.8266666666667,1,1,0,1,0,NA
4,"Stockholm",2004,1404112,7469,3.5625,126457,0.230625,34,1268476,"90",56989,4.06,70920,5.05,855664.826086957,82.145652173913,547690,39.01,1,1,0,1,0,NA
4,"Stockholm",2005,1417405,7582,3.75,130151,0.2175,18,1292241,"91",59436,4.165,71477.75,5.015,882634.956521739,81.6439130434783,364812,25.74,1,1,0,1,0,NA
4,"Stockholm",2006,1439402,7695,3.9375,130231,0.204375,20,1313316,"91",61883,4.27,72035.5,4.98,909605.086956522,81.1421739130435,366114,25.44,1,1,0,1,0,NA
4,"Stockholm",2007,1462778,7808,4.125,134845,0.19125,33,1330358,"91",64330,4.375,72593.25,4.945,936575.217391304,80.6404347826087,366265,25.04,1,1,0,1,0,NA
4,"Stockholm",2008,1489127,7921,4.3125,131868,0.178125,14,1349199,"91",66777,4.48,73151,4.91,963545.347826087,80.1386956521739,579507,38.92,1,1,0,1,0,NA
4,"Stockholm",2009,1521202,8092,4.5,132980,0.165,17,1371656.5,"",68539,4.505,79472,5.22,990515.47826087,79.6369565217391,579841,38.12,1,1,0,1,0,NA
4,"Stockholm",2010,1550208,8246,4.6875,135752,0.151875,17,1394114,"90",70301,4.53,85793,5.53,1017485.60869565,79.1352173913043,417460,26.93,1,1,0,1,0,NA
4,"Stockholm",2011,1579896,8404,4.875,138493,0.13875,22,1353645,"",67809,4.5,83658.6666666667,5.55666666666667,1044455.73913043,78.6334782608696,599426,37.94,1,1,0,1,0,NA
4,"Stockholm",2012,1608135,8554,5.0625,136409,0.125625,19.8333333333333,1313176,"",65317,4.47,81524.3333333333,5.58333333333333,1071425.86956522,78.1317391304348,568750.833333333,36.2,1,1,0,1,0,NA
4,"Stockholm",2013,1414924,7526,5.25,135743,0.1125,17.6666666666667,1272707,"90",62825,4.44,79390,5.61,1098396,77.63,538075.666666667,34.46,1,1,0,1,0,NA
4,"Stockholm",2014,1440909,7664,5.4375,139157,0.099375,15.5,1295067,"90",64477,4.47,81368,5.65,1113812,77.3,507400.5,32.72,1,1,0,1,0,NA
4,"Stockholm",2015,1464814,7792,5.625,144563,0.08625,13.3333333333333,1314303,"90",67048,4.58,83466,5.7,1127143,76.95,476725.333333333,30.98,1,1,0,1,0,NA
4,"Stockholm",2016,1486954,7913,5.8125,143492,0.073125,11.1666666666667,1331826,"90",69640,4.68,85488,5.75,1138636,76.58,446050.166666667,29.24,1,1,0,1,0,NA
4,"Stockholm",2017,1510464,8034,6,140710,0.06,9,1348013,"89",71844,4.76,90607,6,1148223,76.02,415375,27.5,1,1,0,1,0,NA
4,"Stockholm",2018,1534977,8165,6,141944,0.17,26,1363124,"89",73609,4.8,98245,6.4,1156112,75.32,414124,26.98,1,1,0,1,0,NA
4,"Stockholm",2019,1556805,6398.5,8.5,145972,0.181428571428571,23,1376732,"88",73642,4.73,106432,6.84,1163125,74.71,329449.25,29.7125,1,1,0,1,0,NA
4,"Stockholm",2020,1576798,4632,11,148696,0.192857142857143,20,1391666,"88",73879,4.69,111255,7.06,1170893,74.26,244774.5,32.445,1,1,0,1,0,NA
5,"Rostock",2000,887881,2865.5,13.5,80886,0.204285714285714,17,792088.5,"",61815.8333333333,4.03396589333333,93695.8333333333,6.37748806916667,1080611.81818182,75.5330563,160099.75,35.1775,0,1,1,0,0,NA
5,"Rostock",2001,198964,1099,16,79045,0.215714285714286,14,192511,"96.7566997",49752.6666666667,3.37793178666667,76136.6666666667,5.69497613833333,990330.636363636,76.8061126,75425,37.91,0,1,1,0,0,NA
5,"Rostock",2002,198259,1095,18,79800,0.227142857142857,11,191880.333333333,"",37689.5,2.72189768,58577.5,5.0124642075,900049.454545455,78.0791689,75079.75,37.735,0,1,1,0,0,NA
5,"Rostock",2003,198281,1095.5,20,78940,0.238571428571429,8,191249.666666667,"",25626.3333333333,2.06586357333333,41018.3333333333,4.32995227666667,809768.272727273,79.3522252,74734.5,37.56,0,1,1,0,0,NA
5,"Rostock",2004,198303,1096,22,79723,0.25,5,190619,"96.12512166",13563.1666666667,1.40982946666667,23459.1666666667,3.64744034583333,719487.090909091,80.6252815,74389.25,37.385,0,1,1,0,0,NA
5,"Rostock",2005,198993,1099,22,80601,0.2,4,191554,"96.26167755",1500,0.75379536,5900,2.964928415,629205.909090909,81.8983378,74044,37.21,0,1,1,0,0,NA
5,"Rostock",2006,199288,1101,19,80631,0.45,9,191865,"96.27523985",1500,0.752679539,5900,2.960539521,538924.727272727,83.1713941,74839,37.55,0,1,1,0,0,NA
5,"Rostock",2007,199868,1104,17,82055,0.35,7,192162,"96.14445534",1700,0.850561371,6000,3.001981308,448643.545454545,84.4444504,67272,33.66,0,1,1,0,0,NA
5,"Rostock",2008,200413,1107,15,83961,0.3,6,192655,"96.12899363",1900,0.948042293,5900,2.943920804,358362.363636364,85.7175067,67602,33.73,0,1,1,0,0,NA
5,"Rostock",2009,201096,1111,14,81650,0.2,4,193294,"96.12026097",1800,0.89509488,6000,2.9836496,268081.181818182,86.990563,67613,33.62,0,1,1,0,0,NA
5,"Rostock",2010,201442,1113,13,86977,0.15,3,194441,"96.52455794",1300,0.645347048,5700,2.829598594,177800,88.2636193,69062,34.28,0,1,1,0,0,NA
5,"Rostock",2011,202735,1120,10,87751,0.25,5,195560,"96.46089723",1300,0.641231164,6400,3.156830345,178900,88.24327324,70291,34.67,0,1,1,0,0,NA
5,"Rostock",2012,201813,1115,11,86780,0.1,2,195191,"96.71874458",1600,0.792813149,5200,2.576642734,177900,88.15091198,71249,35.3,0,1,1,0,0,NA
5,"Rostock",2013,202887,1121,10,89104,0.15,3,195879,"96.5458605",1800,0.887193364,5200,2.563003051,179000,88.22645118,71799,35.39,0,1,1,0,0,NA
5,"Rostock",2014,203431,1124,9,91978,0.1,0,195997,"96.34568969",2200,1.081447764,5300,2.605305976,181050,88.7855516133333,72271,35.53,0,1,1,0,0,NA
5,"Rostock",2015,204167,1128,8,90226,0.05,1,196332,"96.16245524",2200,1.077549261,5600,2.742852665,183100,89.3446520466667,73138,35.82,0,1,1,0,0,NA
5,"Rostock",2016,206011,1138,7,90118,0.39,8,196928,"95.59101213",2300,1.116445238,6800,3.300794618,185150,89.90375248,74293,36.06,0,1,1,0,0,NA
5,"Rostock",2017,207513,1146,5,95558,0.1,2,196453,"94.67021343",2900,1.397502807,8200,3.951559661,187200,90.4628529133333,75098,36.19,0,1,1,0,0,NA
5,"Rostock",2018,208409,1151,5,91022,0.1,2,196207,"94.14516648",3200,1.535442327,9000,4.318431546,189250,91.0219533466667,75890,36.41,0,1,1,0,0,NA
5,"Rostock",2019,208886,1154,4,95981,0.19,4,195904,"93.78512682",3600,1.72342809,9400,4.500062235,191300,91.58105378,76487,36.62,0,1,1,0,0,NA
5,"Rostock",2020,209191,1156,5,90127,0.19,4,195385,"93.40028969",3900,1.864324947,9900,4.732517173,191000,91.3041192,76933,36.78,0,1,1,0,0,NA
6,"Stuttgart",2000,587152,2836,5,123249,0.325,15.5,319670,"",29250,5.5721624735,49250,9.8962585865,213900,89.6410174545455,154745.5,38.15,0,1,0,0,0,NA
6,"Stuttgart",2001,588477,2843,5,129125,0.46,27,443955,"75",54600,9.28,88600,15.06,236800,87.9779157090909,232558,39.52,0,1,0,0,0,NA
6,"Stuttgart",2002,588819,2844.5,6,127378,0.38,22.3333333333333,445173.666666667,"",54033.3333333333,9.17333333333333,88200,14.9733333333333,259700,86.3148139636364,233638.666666667,39.6533333333333,0,1,0,0,0,NA
6,"Stuttgart",2003,589161,2846,7,129115,0.3,17.6666666666667,446392.333333333,"",53466.6666666667,9.06666666666667,87800,14.8866666666667,282600,84.6517122181818,234719.333333333,39.7866666666667,0,1,0,0,0,NA
6,"Stuttgart",2004,590657,2853,8,126599,0.22,13,447611,"76",52900,8.96,87400,14.8,305500,82.9886104727273,235800,39.92,0,1,0,0,0,NA
6,"Stuttgart",2005,592569,2863,10,123566,0.22,13,450379,"76",55000,9.28,85200,14.38,328400,81.3255087272727,232773,39.28,0,1,0,0,0,NA
6,"Stuttgart",2006,593923,2869,8,132703,0.15,9,452395,"76",55000,9.26,85200,14.35,351300,79.6624069818182,232261,39.11,0,1,0,0,0,NA
6,"Stuttgart",2007,597176,2885,7,138063,0.15,9,454988,"76",54400,9.11,84500,14.15,374200,77.9993052363636,206181,34.53,0,1,0,0,0,NA
6,"Stuttgart",2008,600068,2899,6,132074,0.1,6,459074,"77",54600,9.1,83500,13.92,397100,76.3362034909091,206015,34.33,0,1,0,0,0,NA
6,"Stuttgart",2009,601646,2907,6,117348,0.15,9,462708,"77",56700,9.42,80700,13.41,420000,74.6731017454545,206095,34.26,0,1,0,0,0,NA
6,"Stuttgart",2010,606588,2930,6,131690,0.15,9,465008,"77",57100,9.41,79500,13.11,442900,73.01,208238,34.33,0,1,0,0,0,NA
6,"Stuttgart",2011,591015,2855,5,136429,0.23,14,469985,"80",54100,8.98,76700,12.735,435900,73.75,210152,35.56,0,1,0,0,0,NA
6,"Stuttgart",2012,597939,2889,5,135824,0.19,11,474560,"79",51100,8.55,73900,12.36,423600,70.84,213169,35.65,0,1,0,0,0,NA
6,"Stuttgart",2013,604297,2919,5,133862,0.12,7,468876,"78",54300,8.99,74800,12.38,426200,70.53,215521,35.66,0,1,0,0,0,NA
6,"Stuttgart",2014,612441,2959,5,134780,0.125,5,470679,"77",69600,11.36,64100,10.47,427700,69.84,216663,35.38,0,1,0,0,0,NA
6,"Stuttgart",2015,623738,3013,5,139791,0.13,8,472943,"76",73600,11.8,65900,10.57,429300,68.83,218217,34.99,0,1,0,0,0,NA
6,"Stuttgart",2016,628032,3034,4,138248,0.13,8,475041,"76",77000,12.26,71700,11.42,431200,68.66,220342,35.08,0,1,0,0,0,NA
6,"Stuttgart",2017,632743,3057,4,141314,0.16,10,476079,"75",77400,12.23,74600,11.79,431000,68.12,223408,35.31,0,1,0,0,0,NA
6,"Stuttgart",2018,634830,3067,3,141363,0.06,4,476820,"75",79200,12.48,76800,12.1,433200,68.24,224723,35.4,0,1,0,0,0,NA
6,"Stuttgart",2019,635911,3072,3,134477,0.11,7,477094,"75",79300,12.47,78500,12.34,433700,68.2,226207,35.57,0,1,0,0,0,NA
6,"Stuttgart",2020,630305,3045,4,128833,0.11,7,476979,"76",78500,12.45,80400,12.76,433900,68.84,225703,35.81,0,1,0,0,0,NA
7,"Helsinki",2000,551123,803,8,52476,0.165,9.5,529111,"96",4192,0.76,22171,4.02,442178.545454545,70.7627272727273,186452,33.83,1,1,1,1,0,NA
7,"Helsinki",2001,555474,810,9,53785,0.22,12,529257,"",4192,0.75,22171,3.99,450457.090909091,72.6854545454545,189523.75,34.255,1,1,1,1,0,NA
7,"Helsinki",2002,559718,816,9.21428571428571,53315,0.217857142857143,11,529403,"",4192,0.75,22171,3.96,458735.636363636,74.6081818181818,192595.5,34.68,1,1,1,1,0,NA
7,"Helsinki",2003,559716,816,9.42857142857143,53267,0.215714285714286,10,529549,"",7185,1.285,20575,3.675,467014.181818182,76.5309090909091,195667.25,35.105,1,1,1,1,0,NA
7,"Helsinki",2004,559330,815,9.64285714285714,55193,0.213571428571429,9,529695,"95",10178,1.82,18979,3.39,475292.727272727,78.4536363636364,198739,35.53,1,1,1,1,0,NA
7,"Helsinki",2005,559046,815,9.85714285714286,56615,0.211428571428571,9.75,529860,"95",10868.25,1.935,20070.25,3.57,483571.272727273,80.3763636363636,204390,36.38,1,1,1,1,0,NA
7,"Helsinki",2006,560905,818,10.0714285714286,59193,0.209285714285714,10.5,530135,"95",11558.5,2.05,21161.5,3.75,491849.818181818,82.2990909090909,210041,37.23,1,1,1,1,0,NA
7,"Helsinki",2007,564521,823,10.2857142857143,61998,0.207142857142857,11.25,531325,"94",12248.75,2.165,22252.75,3.93,500128.363636364,84.2218181818182,215692,38.08,1,1,1,1,0,NA
7,"Helsinki",2008,568531,829,10.5,62138,0.205,12,532248,"94",12939,2.28,23344,4.11,508406.909090909,86.1445454545455,221343,38.93,1,1,1,1,0,NA
7,"Helsinki",2009,576632,841,10.7142857142857,58113,0.202857142857143,8.5,537978,"93",14199,2.465,24810,4.305,516685.454545455,88.0672727272727,227620.333333333,39.5566666666667,1,1,1,1,0,NA
7,"Helsinki",2010,583350,850,10.9285714285714,59436,0.200714285714286,5,541615,"93",15459,2.65,26276,4.5,524964,89.99,233897.666666667,40.1833333333333,1,1,1,1,0,NA
7,"Helsinki",2011,588549,858,11.1428571428571,58794,0.198571428571429,8,544088,"92",16816,2.86,27645,4.7,526899,89.53,240175,40.81,1,1,1,1,0,NA
7,"Helsinki",2012,595384,868,11.3571428571429,56972,0.196428571428571,9,547506,"92",18462,3.1,29416,4.94,529550,88.94,221851.75,37.33,1,1,1,1,0,NA
7,"Helsinki",2013,603968,880,11.5714285714286,56881,0.194285714285714,9,553307,"92",20318,3.36,30343,5.02,533496,88.33,203528.5,33.85,1,1,1,1,0,NA
7,"Helsinki",2014,612664,893,11.7857142857143,55688,0.192142857142857,6,559782,"91",21721,3.55,31161,5.09,538203,87.85,185205.25,30.37,1,1,1,1,0,NA
7,"Helsinki",2015,620715,905,12,56405,0.19,12,565270,"91",23107,3.72,32338,5.21,542164,87.35,166882,26.89,1,1,1,1,0,NA
7,"Helsinki",2016,628208,916,12,57341,0.05,3,570601,"91",23680,3.77,33927,5.4,546210,86.95,169207,26.93,1,1,1,1,0,NA
7,"Helsinki",2017,635181,926,10,58403,0.11,7,575411,"91",23957,3.77,35813,5.64,549074,86.44,170854,26.9,1,1,1,1,0,NA
7,"Helsinki",2018,643272,938,9,58637,0.06,4,582303,"91",23672,3.68,37297,5.8,553355,86.02,173089,26.91,1,1,1,1,0,NA
7,"Helsinki",2019,648042,945,9,59502,0.05,3,585963,"90",23261,3.59,38818,5.99,555635,85.74,174875,26.99,1,1,1,1,0,NA
7,"Helsinki",2020,653835,953,14,59136,0.12,8,590185,"90",23067,3.53,40583,6.21,558108,85.36,180816,27.65,1,1,1,1,0,NA
8,"Oslo",2000,507467,1057,8.5,58770,0.205,11.5,525323.5,"0",21148,3.655,34809,5.96,545310.777777778,84.4677777777778,183838.5,32.19,1,1,0,1,0,NA
8,"Oslo",2001,508726,1060,3,60483,0.29,15,460462,"91",19229,3.78,29035,5.71,532513.555555556,83.5755555555556,186861,36.73,1,1,0,1,0,NA
8,"Oslo",2002,516467,1076,3.33333333333333,62370,0.23,12,463514.333333333,"0",19854.3333333333,3.84666666666667,29744,5.76666666666667,519716.333333333,82.6833333333333,188701.666666667,36.59,1,1,0,1,0,NA
8,"Oslo",2003,523832,1091,3.66666666666667,60761,0.17,9,466566.666666667,"0",20479.6666666667,3.91333333333333,30453,5.82333333333333,506919.111111111,81.7911111111111,190542.333333333,36.45,1,1,0,1,0,NA
8,"Oslo",2004,529846,1104,4,62019,0.11,6,469619,"89",21105,3.98,31162,5.88,494121.888888889,80.8988888888889,192383,36.31,1,1,0,1,0,NA
8,"Oslo",2005,538411,1122,3,60641,0.06,3,476397,"88",22169.5,4.11,31631.5,5.865,481324.666666667,80.0066666666667,197197,36.63,1,1,0,1,0,NA
8,"Oslo",2006,548617,1143,2,59380,0.07,4,483076,"88",23234,4.24,32101,5.85,468527.444444444,79.1144444444444,203192,37.04,1,1,0,1,0,NA
8,"Oslo",2007,560484,1168,2,63091,0.18,10,490599,"88",25385,4.53,32633,5.82,455730.222222222,78.2222222222222,209864,37.44,1,1,0,1,0,NA
8,"Oslo",2008,572806,1193,2,57283,0.16,9,497980,"87",29799,5.2,32705,5.71,442933,77.33,212084,37.03,1,1,0,1,0,NA
8,"Oslo",2009,586860,1223,3,60021,0.14,8,505206,"86",35760,6.09,34509,5.88,447473,76.25,222675.75,37.9125,1,1,0,1,0,NA
8,"Oslo",2010,599230,1248,3.46153846153846,59439,0.09,5,511939,"85",39158,6.53,35763,5.97,452338,75.49,233267.5,38.795,1,1,0,1,0,NA
8,"Oslo",2011,613285,1278,3.92307692307692,57124,0.12,7,518208,"84",44264,7.22,36758,5.99,456704,74.47,243859.25,39.6775,1,1,0,1,0,NA
8,"Oslo",2012,627366,1307,4.38461538461539,58238,0.13,8,526188,"84",50593,8.06,36501,5.82,461569,73.57,254451,40.56,1,1,0,1,0,NA
8,"Oslo",2013,642124,1338,4.84615384615385,58934,0.192,10.4,514873.8,"0",45734.7,7.301,34212.5,5.556,458235.952380952,74.5795238095238,247206.1,40.75,1,1,0,1,0,NA
8,"Oslo",2014,647676,1349,5.30769230769231,60697,0.254,12.8,503559.6,"0",40876.4,6.542,31924,5.292,454902.904761905,75.5890476190476,239961.2,40.94,1,1,0,1,0,NA
8,"Oslo",2015,658390,1372,5.76923076923077,63914,0.316,15.2,492245.4,"0",36018.1,5.783,29635.5,5.028,451569.857142857,76.5985714285714,232716.3,41.13,1,1,0,1,0,NA
8,"Oslo",2016,666759,1389,6.23076923076923,66697,0.378,17.6,480931.2,"0",31159.8,5.024,27347,4.764,448236.80952381,77.6080952380952,225471.4,41.32,1,1,0,1,0,NA
8,"Oslo",2017,672061,1400,6.69230769230769,65734,0.44,20,469617,"0",26301.5,4.265,25058.5,4.5,444903.761904762,78.617619047619,218226.5,41.51,1,1,0,1,0,NA
8,"Oslo",2018,673469,1403,7.15384615384615,63720,0.502,22.4,458302.8,"0",21443.2,3.506,22770,4.236,441570.714285714,79.6271428571429,210981.6,41.7,1,1,0,1,0,NA
8,"Oslo",2019,681071,1419,7.61538461538462,67128,0.564,24.8,446988.6,"0",16584.9,2.747,20481.5,3.972,438237.666666667,80.6366666666667,203736.7,41.89,1,1,0,1,0,NA
8,"Oslo",2020,693494,1445,8.07692307692308,52002.5,0.626,27.2,435674.4,"0",11726.6,1.988,18193,3.708,434904.619047619,81.6461904761905,196491.8,42.08,1,1,0,1,0,NA
9,"Bratislava",2000,447345,1216,8.53846153846154,36877,0.688,29.6,424360.2,"0",6868.3,1.229,15904.5,3.444,431571.571428571,82.6557142857143,189246.9,42.27,1,1,1,0,0,NA
9,"Bratislava",2001,428672,1165,9,38532,0.75,32,413046,"96",2010,0.47,13616,3.18,428238.523809524,83.6652380952381,182002,42.46,1,1,1,0,0,NA
9,"Bratislava",2002,427049,1160,9,41417,0.75,32,413423.285714286,"0",2449.6,0.574,11162.6,2.608,424905.476190476,84.6747619047619,188142.666666667,44.0066666666667,1,1,1,0,0,NA
9,"Bratislava",2003,426291,1158,9,43261,0.75,32,413800.571428571,"#DIV/0!",2889.2,0.678,8709.2,2.036,421572.428571429,85.6842857142857,194283.333333333,45.5533333333333,1,1,1,0,0,NA
9,"Bratislava",2004,425533,1156,9,45631,0.75,32,414177.857142857,"0",3328.8,0.782,6255.8,1.464,418239.380952381,86.6938095238095,200424,47.1,1,1,1,0,0,NA
9,"Bratislava",2005,425459,1156,6,52262,0.4,17,414555.142857143,"0",3768.4,0.886,3802.4,0.892,414906.333333333,87.7033333333333,143755,33.77,1,1,1,0,0,NA
9,"Bratislava",2006,426091,1158,4,54771,0.56,24,414932.428571429,"0",4208,0.99,1349,0.32,411573.285714286,88.7128571428571,87086,20.44,1,1,1,0,0,NA
9,"Bratislava",2007,426927,1160,4,62146,0.63,27,415309.714285714,"0",5695,1.33,3635.5,0.85,408240.238095238,89.722380952381,98591,23.09,1,1,1,0,0,NA
9,"Bratislava",2008,428791,1165,4,64602,0.49,21,415687,"97",7182,1.67,5922,1.38,404907.19047619,90.7319047619048,110554,25.78,1,1,1,0,0,NA
9,"Bratislava",2009,431061,1171,3,65184,0.3,13,412743.5,"0",7073,1.66,5074.75,1.1875,401574.142857143,91.7414285714286,123760,28.71,1,1,1,0,0,NA
9,"Bratislava",2010,432801,1176,3.23076923076923,68496,0.37,16,409800,"0",6964,1.65,4227.5,0.995,398241.095238095,92.7509523809524,136603,31.56,1,1,1,0,0,NA
9,"Bratislava",2011,411228,1117,3.46153846153846,69559,0.354,15,406856.5,"0",6855,1.64,3380.25,0.8025,394908.047619048,93.7604761904762,103208,25.1,1,1,1,0,0,NA
9,"Bratislava",2012,413192,1123,3.69230769230769,68436,0.338,10,403913,"98",6746,1.63,2533,0.61,391575,94.77,159524,38.61,1,1,1,0,0,NA
9,"Bratislava",2013,415589,1129,3.92307692307692,70331,0.322,4,405852,"98",7013,1.69,2724,0.66,393575,94.7,130777,31.47,1,1,1,0,0,NA
9,"Bratislava",2014,417389,1134,4.15384615384615,70409,0.306,15,407536,"98",7130,1.71,2723,0.65,395398,94.73,153925,36.88,1,1,1,0,0,NA
9,"Bratislava",2015,419678,1140,4.38461538461539,74234,0.29,12,409714,"98",7157,1.71,2807,0.67,397590,94.74,156920,37.39,1,1,1,0,0,NA
9,"Bratislava",2016,422932,1149,4.61538461538461,75562,0.33,14,411668,"97",8105,1.92,3159,0.75,399618,94.49,160847,38.03,1,1,1,0,0,NA
9,"Bratislava",2017,425923,1157,4.84615384615385,76339,0.23,10,414075,"97",8554,2.01,3294,0.77,401935,94.37,164177,38.55,1,1,1,0,0,NA
9,"Bratislava",2018,429564,1167,5.07692307692308,77792,0.14,6,416959,"97",9127,2.12,3478,0.81,404731,94.22,168881,39.31,1,1,1,0,0,NA
9,"Bratislava",2019,432864,1176,5.30769230769231,77457,0.18,8,419935,"97",9291,2.15,3638,0.84,407681,94.18,173725,40.13,1,1,1,0,0,NA
9,"Bratislava",2020,437726,1189,5.53846153846154,73812,0.16,7,424011,"97",9792,2.24,3923,0.9,411667,94.05,178552,40.79,1,1,1,0,0,NA
10,"Dusseldorf",2000,569364,2624,5.76923076923077,60185,0.3,16,469646,"82",22646,4.23,34561.5,6.16,415470,92.5327272727273,203195.5,40.355,0,1,0,0,0,NA
10,"Dusseldorf",2001,570765,2630,6,63281,0.44,25,470069,"82",35500,6.22,65200,11.42,419273,91.0154545454545,227839,39.92,0,1,0,0,0,NA
10,"Dusseldorf",2002,571886,2635,7.33333333333333,62043,0.42,24,469889,"",36500,6.38666666666667,64700,11.3233333333333,423076,89.4981818181818,227226,39.7733333333333,0,1,0,0,0,NA
10,"Dusseldorf",2003,572198.5,0,8.66666666666667,61579,0.4,23,469709,"",37500,6.55333333333333,64200,11.2266666666667,426879,87.9809090909091,226613,39.6266666666667,0,1,0,0,0,NA
10,"Dusseldorf",2004,572511,2638,10,62992,0.38,22,469529,"82",38500,6.72,63700,11.13,430682,86.4636363636364,226000,39.48,0,1,0,0,0,NA
10,"Dusseldorf",2005,572663,2639,10,63317,0.24,14,470488,"82",39800,6.95,62800,10.97,434485,84.9463636363636,225643,39.4,0,1,0,0,0,NA
10,"Dusseldorf",2006,574514,2648,10,64736,0.23,13,471887,"82",39800,6.93,62800,10.93,438288,83.4290909090909,225798,39.3,0,1,0,0,0,NA
10,"Dusseldorf",2007,577505,2661,10,68442,0.24,14,473904,"82",40700,7.05,62900,10.89,442091,81.9118181818182,202060,34.99,0,1,0,0,0,NA
10,"Dusseldorf",2008,581122,2678,9,69878,0.21,12,476392,"82",41300,7.11,63400,10.91,445894,80.3945454545455,202804,34.9,0,1,0,0,0,NA
10,"Dusseldorf",2009,584217,2692,8,65261,0.27,16,478585,"82",41900,7.17,63700,10.9,449697,78.8772727272727,202858,34.72,0,1,0,0,0,NA
10,"Dusseldorf",2010,586217,2701,8,65737,0.27,16,479604,"82",42600,7.27,64000,10.92,453500,77.36,205651,35.08,0,1,0,0,0,NA
10,"Dusseldorf",2011,588735,2713,7,67455,0.19,11,481646,"82",43000,7.3,64100,10.89,426600,72.46,208564,35.43,0,1,0,0,0,NA
10,"Dusseldorf",2012,589649,2717,7,66585,0.22,13,483940,"82",38500,6.53,57800,9.8,426200,72.28,211563,35.88,0,1,0,0,0,NA
10,"Dusseldorf",2013,593682,2736,6,66972,0.12,7,495126,"83",40100,6.75,58400,9.84,428200,72.13,213823,36.02,0,1,0,0,0,NA
10,"Dusseldorf",2014,598686,2759,6,67564,0.175,11,496789,"83",45000,7.52,56900,9.5,429600,71.76,215149,35.94,0,1,0,0,0,NA
10,"Dusseldorf",2015,604527,2786,6,68074,0.23,14,497312,"82",47600,7.87,59700,9.88,430100,71.15,217342,35.95,0,1,0,0,0,NA
10,"Dusseldorf",2016,612178,2821,5,67824,0.18,11,497542,"81",49900,8.15,64700,10.57,430100,70.26,220619,36.04,0,1,0,0,0,NA
10,"Dusseldorf",2017,613230,2826,4,69986,0.16,10,495766,"81",49500,8.07,68000,11.09,456700,74.47,224079,36.54,0,1,0,0,0,NA
10,"Dusseldorf",2018,617280,2845,4,70866,0.13,8,495490,"80",50700,8.21,71100,11.52,456700,73.99,226320,36.66,0,1,0,0,0,NA
10,"Dusseldorf",2019,619294,2854,4,71238,0.15,9,494123,"80",51100,8.25,74100,11.97,454700,73.42,228134,36.84,0,1,0,0,0,NA
10,"Dusseldorf",2020,621877,2866,5,49962,0.19,12,493024,"79",51000,8.2,77900,12.53,453100,72.86,229244,36.86,0,1,0,0,0,NA
11,"Dresden",2000,477807,1457,10,28686,0.325,17,460294,"96",28500,4.725,45300,7.59,455000,74.57,203812,37.065,0,1,1,0,0,NA
11,"Dresden",2001,478631,1459,15,29785,0.46,22,459911,"96",6000,1.25,12700,2.65,456900,76.28,178380,37.27,0,1,1,0,0,NA
11,"Dresden",2002,480228,1464,15.3333333333333,30837,0.466666666666667,22.3333333333333,460327,"",6433.33333333333,1.33666666666667,14133.3333333333,2.94,458800,77.99,179886.666666667,37.4533333333333,0,1,1,0,0,NA
11,"Dresden",2003,481930,0,15.6666666666667,31647,0.473333333333333,22.6666666666667,460743,"",6866.66666666667,1.42333333333333,15566.6666666667,3.23,460700,79.7,181393.333333333,37.6366666666667,0,1,1,0,0,NA
11,"Dresden",2004,483632,1474,16,32480,0.48,23,461159,"95",7300,1.51,17000,3.52,462600,81.41,182900,37.82,0,1,1,0,0,NA
11,"Dresden",2005,487421,1486,15,32179,0.18,9,463177,"95",8600,1.76,17200,3.53,464500,83.12,185210,38,0,1,1,0,0,NA
11,"Dresden",2006,495181,1510,15,33177,0.4,20,469337,"95",8600,1.74,17200,3.47,466400,84.83,188335,38.03,0,1,1,0,0,NA
11,"Dresden",2007,504795,1539,12,33835,0.46,23,477414,"95",9000,1.78,18400,3.65,468300,86.54,171658,34.01,0,1,1,0,0,NA
11,"Dresden",2008,507513,1547,12,33750,0.18,9,483175,"95",8100,1.6,16300,3.21,470200,88.25,173014,34.09,0,1,1,0,0,NA
11,"Dresden",2009,512234,1562,11,32233,0.14,7,488393,"95",7100,1.39,16700,3.26,472100,89.96,173046,33.78,0,1,1,0,0,NA
11,"Dresden",2010,517052,1576,11,33277,0.04,2,493411,"95",6800,1.32,16800,3.25,474000,91.67,176904,34.21,0,1,1,0,0,NA
11,"Dresden",2011,523058,1595,9,34915,0.15,8,498366,"95",6650,1.29,14600,2.82,478800,91.54,180331,34.48,0,1,1,0,0,NA
11,"Dresden",2012,517765,1579,8,34866,0.25,13,504157,"97",6500,1.26,12400,2.39,473600,91.47,183203,35.38,0,1,1,0,0,NA
11,"Dresden",2013,525105,1601,7,35452,0.27,14,504116,"96",7300,1.39,13700,2.61,484400,92.25,184917,35.22,0,1,1,0,0,NA
11,"Dresden",2014,530754,1618,6.5,36432,0.255,16,508172,"96",7950,1.495,15150,2.855,485750,91.535,187268,35.28,0,1,1,0,0,NA
11,"Dresden",2015,536308,1635,6,37791,0.24,13,511118,"95",8600,1.6,16600,3.1,487100,90.82,188654,35.18,0,1,1,0,0,NA
11,"Dresden",2016,543825,1658,5,37996,0.2,11,512773,"94",8700,1.6,21700,3.99,488500,89.83,190645,35.06,0,1,1,0,0,NA
11,"Dresden",2017,547172,1668,5,38861,0.07,4,512672,"94",10200,1.86,24300,4.44,489300,89.42,192463,35.17,0,1,1,0,0,NA
11,"Dresden",2018,551072,1680,4,39340,0.16,9,512671,"93",10700,1.94,27700,5.03,490100,88.94,193616,35.13,0,1,1,0,0,NA
11,"Dresden",2019,554649,1691,4,39767,0.13,7,512678,"92",11900,2.15,30000,5.41,488300,89.0176923076923,194765,35.12,0,1,1,0,0,NA
11,"Dresden",2020,556780,1698,4,34102.5,0.18,10,512371,"92",11633.3333333333,2.18333333333333,26000,4.82333333333333,486500,89.0953846153846,195843,35.17,0,1,1,0,0,NA
12,"Leipzig",2000,493208,1655,10.5,28438,0.315,16,466069,"94",11366.6666666667,2.21666666666667,22000,4.23666666666667,484700,89.1730769230769,181224,34.48,0,1,1,0,0,NA
12,"Leipzig",2001,493052,1655,17,28921,0.45,22,463959,"94",11100,2.25,18000,3.65,482900,89.2507692307692,166605,33.79,0,1,1,0,0,NA
12,"Leipzig",2002,494795,1660,18.3333333333333,29526,0.38,18.6666666666667,464382.666666667,"",10333.3333333333,2.09,19333.3333333333,3.90666666666667,481100,89.3284615384615,168603.333333333,34.09,0,1,1,0,0,NA
12,"Leipzig",2003,496163,1665,19.6666666666667,29703,0.31,15.3333333333333,464806.333333333,"",9566.66666666667,1.93,20666.6666666667,4.16333333333333,479300,89.4061538461538,170601.666666667,34.39,0,1,1,0,0,NA
12,"Leipzig",2004,497531,1670,21,30004,0.24,12,465230,"94",8800,1.77,22000,4.42,477500,89.4838461538462,172600,34.69,0,1,1,0,0,NA
12,"Leipzig",2005,498491,1673,22,29990,0.36,18,467644,"94",8500,1.71,23200,4.65,475700,89.5615384615385,175441,35.19,0,1,1,0,0,NA
12,"Leipzig",2006,502651,1687,19,31975,0.2,10,470903,"94",8500,1.69,23200,4.62,473900,89.6392307692308,180203,35.85,0,1,1,0,0,NA
12,"Leipzig",2007,506578,1700,17,32825,0.26,13,474597,"94",8400,1.66,23600,4.66,472100,89.7169230769231,163797,32.33,0,1,1,0,0,NA
12,"Leipzig",2008,510512,1713,16,33413,0.18,9,477724,"94",8900,1.74,23900,4.68,470300,89.7946153846154,165742,32.47,0,1,1,0,0,NA
12,"Leipzig",2009,515469,1730,15,32424,0.23,12,481941,"93",10800,2.1,22700,4.4,468500,89.8723076923077,165786,32.16,0,1,1,0,0,NA
12,"Leipzig",2010,518862,1741,14,33647,0.21,11,486564,"94",10400,0,22600,4.36,466700,89.95,169925,32.75,0,1,1,0,0,NA
12,"Leipzig",2011,522883,1755,12,36671,0.15,8,492686,"94",10000,0,19300,0,473400,90.54,173905,33.26,0,1,1,0,0,NA
12,"Leipzig",2012,510043,1712,10,37322,0.27,14,499909,"98",9600,1.88,16000,3.14,461000,90.38,177761,34.85,0,1,1,0,0,NA
12,"Leipzig",2013,520838,1748,9,37746,0.31,16,495062,"95",8600,1.65,17200,3.3,468600,89.97,181032,34.76,0,1,1,0,0,NA
12,"Leipzig",2014,531562,1784,8.5,38876,0.24,11,502719,"95",10300,1.94,18600,3.5,493550,92.6,184415,34.69,0,1,1,0,0,NA
12,"Leipzig",2015,544479,1827,8,38865,0.17,9,511069,"94",12200,2.24,21200,3.89,518500,95.23,188142,34.55,0,1,1,0,0,NA
12,"Leipzig",2016,560472,1881,6,39296,0.25,14,518473,"93",14500,2.59,27500,4.91,526200,93.89,191637,34.19,0,1,1,0,0,NA
12,"Leipzig",2017,571088,1916,5,40211,0.18,10,523565,"92",15900,2.78,31600,5.53,531000,92.98,195056,34.16,0,1,1,0,0,NA
12,"Leipzig",2018,581980,1953,5,40173,0.26,15,529804,"91",16966.6666666667,0,33800,0,533166.666666667,92.1933333333333,198138,34.05,0,1,1,0,0,NA
12,"Leipzig",2019,587857,1973,5,41097,0.24,14,533218,"91",18033.3333333333,0,36000,0,535333.333333333,91.4066666666667,200521,34.11,0,1,1,0,0,NA
12,"Leipzig",2020,593145,1990,5,41436.3333333333,0.25,15,535813,"90",19100,3.22,38200,6.44,537500,90.62,202328,34.11,0,1,1,0,0,NA
13,"Edinburgh",2000,451000,1708,5,41775.6666666667,0.236,13.6,526120.666666667,"",19885.8333333333,3.44416666666667,37399.1666666667,6.39666666666667,526111,89.9841666666667,181693,32.9833333333333,1,1,0,0,0,NA
13,"Edinburgh",2001,454000,1720,5,42115,0.222,12.2,516428.333333333,"",20671.6666666667,3.66833333333333,36598.3333333333,6.35333333333333,514722,89.3483333333333,161058,31.8566666666667,1,1,0,0,0,NA
13,"Edinburgh",2002,457000,1731,5,44064,0.208,10.8,506736,"",21457.5,3.8925,35797.5,6.31,503333,88.7125,140423,30.73,1,1,0,0,0,NA
13,"Edinburgh",2003,460000,1742,5,46577,0.194,9.4,497043.666666667,"",22243.3333333333,4.11666666666667,34996.6666666667,6.26666666666667,491944,88.0766666666667,145211.5,31.565,1,1,0,0,0,NA
13,"Edinburgh",2004,463000,1754,5,48611,0.18,8,487351.333333333,"",23029.1666666667,4.34083333333333,34195.8333333333,6.22333333333333,480555,87.4408333333333,150000,32.4,1,1,0,0,0,NA
13,"Edinburgh",2005,466000,1765,5,49543,0.13,6,477659,"",23815,4.565,33395,6.18,469166,86.805,147099,31.57,1,1,0,0,0,NA
13,"Edinburgh",2006,468000,1773,5,50027,0.28,13,467966.666666667,"",24600.8333333333,4.78916666666667,32594.1666666667,6.13666666666667,457777,86.1691666666667,147779,31.58,1,1,0,0,0,NA
13,"Edinburgh",2007,471000,1784,5,51310,0.13,6,458274.333333333,"",25386.6666666667,5.01333333333333,31793.3333333333,6.09333333333333,446388,85.5333333333333,149745,31.79,1,1,0,0,0,NA
13,"Edinburgh",2008,474000,1795,5,49652,0.28,13,448582,"",26172.5,5.2375,30992.5,6.05,434999,84.8975,150641,31.78,1,1,0,0,0,NA
13,"Edinburgh",2009,477000,1807,7,48611,0.15,7,438889.666666667,"",26958.3333333333,5.46166666666667,30191.6666666667,6.00666666666667,423610,84.2616666666667,151792,31.82,1,1,0,0,0,NA
13,"Edinburgh",2010,480000,1818,7,47643,0.09,4,429197.333333333,"",27744.1666666667,5.68583333333333,29390.8333333333,5.96333333333333,412221,83.6258333333333,152455,31.76,1,1,0,0,0,NA
13,"Edinburgh",2011,483000,1830,7,47296,0.21,10,419505,"87",28530,5.91,28590,5.92,400832,82.99,153118,31.7,1,1,0,0,0,NA
13,"Edinburgh",2012,489000,1852,6.5,47572,0.27,13,416593,"85",31553,6.45,23964,4.9,402926,82.4,155357.25,31.7675,1,1,0,0,0,NA
13,"Edinburgh",2013,495000,1875,6,48377,0.16,8,424842,"86",32980,6.66,19275,3.89,410132,82.85,157596.5,31.835,1,1,0,0,0,NA
13,"Edinburgh",2014,501000,1898,5.5,49132,0.2,10,431818,"86",31130,6.21,19569,3.91,417015,83.24,159835.75,31.9025,1,1,0,0,0,NA
13,"Edinburgh",2015,507000,1920,5,49987,0.06,3,425059,"84",38653,7.62,21500,4.24,405841,80.05,162075,31.97,1,1,0,0,0,NA
13,"Edinburgh",2016,513000,1943,4,51974,0.18,9,423965,"83",42100,8.21,26623,5.19,402197,78.4,165299,32.22,1,1,0,0,0,NA
13,"Edinburgh",2017,519000,1966,3,53089,0.12,6,411990,"79",47780,9.21,37615,7.25,395713,76.25,167709,32.31,1,1,0,0,0,NA
13,"Edinburgh",2018,525000,1989,5,54004,0.1,5,425434,"81",55874,10.64,24764,4.72,398128,75.83,168431,32.08,1,1,0,0,0,NA
13,"Edinburgh",2019,531000,2011,5,54002,0.121428571428571,5.42857142857143,417743.714285714,"",52776.9285714286,10.1385714285714,24124.4285714286,4.70928571428571,391127.642857143,76.6078571428571,156614.2,32.696,1,1,0,0,0,NA
13,"Edinburgh",2020,537000,2034,5,49214,0.142857142857143,5.85714285714286,410053.428571429,"",49679.8571428571,9.63714285714286,23484.8571428571,4.69857142857143,384127.285714286,77.3857142857143,144797.4,33.312,1,1,0,0,0,NA
14,"Cardiff",2000,306300,2188,5,39151,0.164285714285714,6.28571428571429,402363.142857143,"",46582.7857142857,9.13571428571429,22845.2857142857,4.68785714285714,377126.928571429,78.1635714285714,132980.6,33.928,1,1,0,0,0,NA
14,"Cardiff",2001,305353,2181,5,29088,0.185714285714286,6.71428571428571,394672.857142857,"",43485.7142857143,8.63428571428572,22205.7142857143,4.67714285714286,370126.571428571,78.9414285714286,121163.8,34.544,1,1,0,0,0,NA
14,"Cardiff",2002,311000,2221,5.33333333333333,29869,0.207142857142857,7.14285714285714,386982.571428571,"",40388.6428571429,8.13285714285714,21566.1428571429,4.66642857142857,363126.214285714,79.7192857142857,109347,35.16,1,1,0,0,0,NA
14,"Cardiff",2003,311500,2225,5.66666666666667,30947,0.228571428571429,7.57142857142857,379292.285714286,"",37291.5714285714,7.63142857142857,20926.5714285714,4.65571428571429,356125.857142857,80.4971428571429,113823.5,36.37,1,1,0,0,0,NA
14,"Cardiff",2004,314800,2249,6,31296,0.25,8,371602,"",34194.5,7.13,20287,4.645,349125.5,81.275,118300,37.58,1,1,0,0,0,NA
14,"Cardiff",2005,317800,2270,6.25,31811,0.28,9,363911.714285714,"",31097.4285714286,6.62857142857143,19647.4285714286,4.63428571428571,342125.142857143,82.0528571428571,118289,37.22,1,1,0,0,0,NA
14,"Cardiff",2006,321700,2298,6.5,32531,0.37,12,356221.428571429,"",28000.3571428571,6.12714285714286,19007.8571428571,4.62357142857143,335124.785714286,82.8307142857143,120043,37.32,1,1,0,0,0,NA
14,"Cardiff",2007,325800,2327,6.75,33053,0.49,16,348531.142857143,"",24903.2857142857,5.62571428571429,18368.2857142857,4.61285714285714,328124.428571429,83.6085714285714,122429,37.58,1,1,0,0,0,NA
14,"Cardiff",2008,330500,2361,7,31745,0.24,8,340840.857142857,"",21806.2142857143,5.12428571428571,17728.7142857143,4.60214285714286,321124.071428571,84.3864285714286,123831,37.47,1,1,0,0,0,NA
14,"Cardiff",2009,336200,2401,8,31110,0.27,9,333150.571428571,"",18709.1428571429,4.62285714285714,17089.1428571429,4.59142857142857,314123.714285714,85.1642857142857,124996,37.18,1,1,0,0,0,NA
14,"Cardiff",2010,339500,2425,8,31269,0.12,4,325460.285714286,"",15612.0714285714,4.12142857142857,16449.5714285714,4.58071428571429,307123.357142857,85.9421428571429,124845.5,36.605,1,1,0,0,0,NA
14,"Cardiff",2011,346090,2472,8,31937,0.23,8,317770,"92",12515,3.62,15810,4.57,300123,86.72,124695,36.03,1,1,0,0,0,NA
14,"Cardiff",2012,347000,2479,7.75,32706,0.09,3,321852,"93",10188,2.94,12632,3.64,305060,87.91,126125,36.1875,1,1,0,0,0,NA
14,"Cardiff",2013,350100,2501,7.5,33017,0.03,1,322545,"92",12545,3.58,12434,3.55,305058,87.13,127555,36.345,1,1,0,0,0,NA
14,"Cardiff",2014,353000,2521,7.25,33380,0.14,5,318308,"90",15169,4.3,17487,4.95,302819,85.78,128985,36.5025,1,1,0,0,0,NA
14,"Cardiff",2015,355727,2541,7,33893,0.28,10,322622,"91",10621,2.99,19932,5.6,307729,86.51,130415,36.66,1,1,0,0,0,NA
14,"Cardiff",2016,359314,2567,5,34877,0.06,2,330443,"92",11501,3.2,14381,4,313676,87.3,132226,36.8,1,1,0,0,0,NA
14,"Cardiff",2017,361962,2585,7,35029,0.22,8,319799,"88",18043,4.98,21701,6,303509,83.85,133510,36.89,1,1,0,0,0,NA
14,"Cardiff",2018,363502,2596,5,35252,0.22,8,328002,"90",18142,4.99,18797,5.17,316739,87.14,134503,37,1,1,0,0,0,NA
14,"Cardiff",2019,419523,2176,11,35870,0.218333333333333,11.875,393781,"",12807.6666666667,3.46,13893.6666666667,3.70333333333333,331447,87.31,148217.375,37.8425,1,1,0,0,0,NA
14,"Cardiff",2020,475544,1756,17,32889,0.216666666666667,15.75,459560,"",7473.33333333333,1.93,8990.33333333333,2.23666666666667,346155,87.48,161931.75,38.685,1,1,0,0,0,NA
15,"Malaga",2000,531565,1336,23,30711.5,0.215,19.625,525339,"99",2139,0.4,4087,0.77,360863,87.65,175646.125,39.5275,0,0,0,0,0,NA
15,"Malaga",2001,524414,1318,21,28534,0.213333333333333,23.5,513981,"98",2561,0.49,7872,1.5,375571,87.82,189360.5,40.37,0,0,0,0,0,NA
15,"Malaga",2002,535686,1346,21.3571428571429,26356.5,0.211666666666667,27.375,523964,"98",2881,0.54,8841,1.65,390279,87.99,203074.875,41.2125,0,0,0,0,0,NA
15,"Malaga",2003,547105,1375,21.7142857142857,24179,0.21,31.25,525005,"0",3287.5,0.605,13416,2.465,404987,88.16,216789.25,42.055,0,0,0,0,0,NA
15,"Malaga",2004,547731,1376,22.0714285714286,25708,0.208333333333333,35.125,526046,"96",3694,0.67,17991,3.28,419695,88.33,230503.625,42.8975,0,0,0,0,0,NA
15,"Malaga",2005,558287,1403,22.4285714285714,27128,0.206666666666667,39,528570,"95",5349.5,0.9575,21038,3.7925,434403,88.5,244218,43.74,0,0,0,0,0,NA
15,"Malaga",2006,560631,1409,22.7857142857143,27487,0.205,38,529908,"95",7005,1.245,24085,4.305,449111,88.67,254073,45.32,0,0,0,0,0,NA
15,"Malaga",2007,561250,1410,23.1428571428571,27725,0.203333333333333,33,526769,"94",8660.5,1.5325,27132,4.8175,463819,88.84,256064,45.62,0,0,0,0,0,NA
15,"Malaga",2008,566447,1423,23.5,27320,0.201666666666667,32,525952,"93",10316,1.82,30179,5.33,478527,89.01,266998,47.14,0,0,0,0,0,NA
15,"Malaga",2009,568305,1428,23.8571428571429,26145,0.2,20,525052,"92",11034.5,1.945,31910,5.625,493235,89.18,267420,47.06,0,0,0,0,0,NA
15,"Malaga",2010,568507,1428,24.2142857142857,25812,0.198333333333333,26,523113,"92",11753,2.07,33641,5.92,507943,89.35,266043.5,47.1,0,0,0,0,0,NA
15,"Malaga",2011,561435,1411,24.5714285714286,25143,0.196666666666667,29,517382,"92",11361,2.02,32693,5.82,500754,89.19,264667,47.14,0,0,0,0,0,NA
15,"Malaga",2012,567433,1426,24.9285714285714,23947,0.195,22.5,518467,"91",13337,2.35,35629,6.28,501979,88.46,260203,46.065,0,0,0,0,0,NA
15,"Malaga",2013,568479,1428,25.2857142857143,23419,0.193333333333333,16,518085,"91",14097,2.48,36297,6.38,501581,88.23,255739,44.99,0,0,0,0,0,NA
15,"Malaga",2014,566913,1424,25.6428571428571,24305,0.191666666666667,13,520883,"92",12173,2.15,33857,5.97,502286,88.6,253151,44.65,0,0,0,0,0,NA
15,"Malaga",2015,569130,1430,26,25225,0.19,11,524665,"92",12029,2.11,32436,5.7,504430,88.63,254484,44.71,0,0,0,0,0,NA
15,"Malaga",2016,569009,1430,24,25835,0.26,15,526193,"92",9530,1.67,33286,5.85,504924,88.74,258251,45.39,0,0,0,0,0,NA
15,"Malaga",2017,569002,1430,21,26650,0.25,14,526869,"93",15014,2.64,27119,4.77,504534,88.67,246818,43.38,0,0,0,0,0,NA
15,"Malaga",2018,571026,1435,19,27294,0.19,11,527463,"92",15366,2.69,28197,4.94,504931,88.43,250858,43.93,0,0,0,0,0,NA
15,"Malaga",2019,574654,1444,14,27694,0.28,16,528164,"92",10137,1.76,36353,6.33,505195,87.91,254192,44.23,0,0,0,0,0,NA
15,"Malaga",2020,578460,1453,18,38796,0.26,15,528380,"91",10656,1.84,39424,6.82,504869,87.28,255692,44.2,0,0,0,0,0,NA
16,"Antwerpen",2000,446525,2189,16.4,49898,0.68,32,463355,"0",14347,2.945,37635.5,7.435,493632.916666667,86.1925,234550.666666667,43.75,0,0,0,0,0,NA
16,"Antwerpen",2001,445570,2184,14.8,49773,1.1,49,398330,"89",18038,4.05,35847,8.05,482396.833333333,85.105,213409.333333333,43.3,0,0,0,0,0,NA
16,"Antwerpen",2002,448709,2200,13.2,50600,0.923333333333333,41.3333333333333,399605,"0",18728.6666666667,4.17333333333333,34291.6666666667,7.65,471160.75,84.0175,192268,42.85,0,0,0,0,0,NA
16,"Antwerpen",2003,452474,2218,11.6,50549,0.746666666666667,33.6666666666667,400880,"0",19419.3333333333,4.29666666666667,32736.3333333333,7.25,459924.666666667,82.93,189042,41.84,0,0,0,0,0,NA
16,"Antwerpen",2004,455148,2231,10,52367,0.57,26,402155,"88",20110,4.42,31181,6.85,448688.583333333,81.8425,185816,40.83,0,0,0,0,0,NA
16,"Antwerpen",2005,457749,2244,10,54867,0.57,26,402875,"88",22350,4.855,33366.25,7.2525,437452.5,80.755,185942,40.62,0,0,0,0,0,NA
16,"Antwerpen",2006,461496,2262,9,55402,0.72,33,402164,"87",24590,5.29,35551.5,7.655,426216.416666667,79.6675,186194,40.35,0,0,0,0,0,NA
16,"Antwerpen",2007,466203,2285,8,56982,0.56,26,402544,"86",26830,5.725,37736.75,8.0575,414980.333333333,78.58,183587,39.38,0,0,0,0,0,NA
16,"Antwerpen",2008,472071,2314,8,57276,0.59,28,403079,"85",29070,6.16,39922,8.46,403744.25,77.4925,186288,39.46,0,0,0,0,0,NA
16,"Antwerpen",2009,477936,2343,9,52973,0.52,25,403124,"84",31924.5,6.675,42249.5,8.84,392508.166666667,76.405,187368,39.2,0,0,0,0,0,NA
16,"Antwerpen",2010,483505,2370,9,54526,0.46,22,404149,"84",34779,7.19,44577,9.22,381272.083333333,75.3175,189741.5,38.87,0,0,0,0,0,NA
16,"Antwerpen",2011,498473,2443,9,55138,0.34,17,406735,"82",39364,7.9,52374,10.51,370036,74.23,192115,38.54,0,0,0,0,0,NA
16,"Antwerpen",2012,507368,2487,9.5,55063,0.325,16.5,408448,"81",43647,8.6,55273,10.89,370073,72.94,192926.25,38.3775,0,0,0,0,0,NA
16,"Antwerpen",2013,512230,2511,10,54401,0.31,16,409798,"80",47488,9.27,54944,10.73,369473,72.13,193737.5,38.215,0,0,0,0,0,NA
16,"Antwerpen",2014,513915,2519,10.5,54833,0.51,26,410852,"80",49359,9.6,53704,10.45,369104,71.82,194548.75,38.0525,0,0,0,0,0,NA
16,"Antwerpen",2015,515593,2527,11,56452,0.31,16,410418,"80",51980,10.08,53195,10.32,368535,71.48,195360,37.89,0,0,0,0,0,NA
16,"Antwerpen",2016,517731,2538,10,56726,0.29,15,411326,"79",53557,10.34,52848,10.21,367822,71.05,198422,38.33,0,0,0,0,0,NA
16,"Antwerpen",2017,520859,2553,9,57444,0.35,18,413508,"79",54013,10.37,53338,10.24,367427,70.54,202359,38.85,0,0,0,0,0,NA
16,"Antwerpen",2018,523591,2567,8,57552,0.31,16,415056,"79",54670,10.44,53865,10.29,366309,69.96,204641,39.08,0,0,0,0,0,NA
16,"Antwerpen",2019,526439,2581,7,57595,0.23,12,414856,"79",55828,10.6,55755,10.59,365641,69.46,204010,38.75,0,0,0,0,0,NA
16,"Antwerpen",2020,530014,2598,8,54358,0.28,15,416177,"79",57039,10.76,56798,10.72,364483,68.77,201715,38.06,0,0,0,0,0,NA
17,"Palermo",2000,694912,4398,19,44757.3333333333,0.495,32,662358,"95",1426,0.21,15506,2.23,359132.151515151,68.1951515151515,390844,56.24,0,0,0,0,0,NA
17,"Palermo",2001,686722,4346,30,35156.6666666667,0.71,49,677061,"99",565,0.08,9096,1.32,353781.303030303,67.620303030303,388625.5,56.2275,0,0,0,0,0,NA
17,"Palermo",2002,686045,4342,29.5,25556,0.696666666666667,47.3333333333333,673066.75,"0",643.5,0.0925,10150.5,1.4825,348430.454545455,67.0454545454545,386407,56.215,0,0,0,0,0,NA
17,"Palermo",2003,682901,4322,29,25551,0.683333333333333,45.6666666666667,669072.5,"0",722,0.105,11205,1.645,343079.606060606,66.4706060606061,384188.5,56.2025,0,0,0,0,0,NA
17,"Palermo",2004,679730,4302,28.5,25844,0.67,44,665078.25,"0",800.5,0.1175,12259.5,1.8075,337728.757575758,65.8957575757576,381970,56.19,0,0,0,0,0,NA
17,"Palermo",2005,675277,4274,28,26717,0.656666666666667,24,661084,"98",879,0.13,13314,1.97,332377.909090909,65.3209090909091,387613,57.4,0,0,0,0,0,NA
17,"Palermo",2006,670820,4246,27.5,27178,0.643333333333333,32,655951,"98",1257,0.186666666666667,13498.3333333333,2.00666666666667,327027.060606061,64.7460606060606,393245,58.62,0,0,0,0,0,NA
17,"Palermo",2007,666552,4219,27,27106,0.63,34,651818,"98",1635,0.243333333333333,13682.6666666667,2.04333333333333,321676.212121212,64.1712121212121,395196,59.29,0,0,0,0,0,NA
17,"Palermo",2008,665252,4210,26.5,27905,0.616666666666667,38,647293,"97",2013,0.3,13867,2.08,316325.363636364,63.5963636363636,395143,59.4,0,0,0,0,0,NA
17,"Palermo",2009,662222,4191,26,26982,0.603333333333333,51,642201,"97",2392.5,0.36,14641.5,2.21,310974.515151515,63.0215151515151,392841,59.32,0,0,0,0,0,NA
17,"Palermo",2010,659193,4172,25.5,26847,0.59,39,637893,"97",2772,0.42,15416,2.34,305623.666666667,62.4466666666667,391889,59.45,0,0,0,0,0,NA
17,"Palermo",2011,659326,4173,25,25782,0.5,33,635623,"96",3336,0.51,16308,2.47,300272.818181818,61.8718181818182,390988,59.3,0,0,0,0,0,NA
17,"Palermo",2012,656829,4157,25.7142857142857,24958,0.27,18,637025,"97",2811,0.43,16993,2.59,294921.96969697,61.2969696969697,385372,58.67,0,0,0,0,0,NA
17,"Palermo",2013,654987,4145,26.4285714285714,24453,0.34,22,633661,"97",3152,0.48,18174,2.77,289571.121212121,60.7221212121212,381819,58.29,0,0,0,0,0,NA
17,"Palermo",2014,678492,4294,27.1428571428571,23994,0.35,24,654111,"96",3595,0.53,20786,3.06,284220.272727273,60.1472727272727,381046,56.16,0,0,0,0,0,NA
17,"Palermo",2015,678492,4294,27.8571428571429,24433,0.27,18,652569,"96",3182,0.47,22741,3.35,278869.424242424,59.5724242424242,382347,56.35,0,0,0,0,0,NA
17,"Palermo",2016,674435,4269,28.5714285714286,24196,0.37,25,647848,"96",3956,0.59,22631,3.36,273518.575757576,58.9975757575758,385103,57.1,0,0,0,0,0,NA
17,"Palermo",2017,673735,4264,29.2857142857143,24615,0.4,27,646998,"96",4116,0.61,22621,3.36,268167.727272727,58.4227272727273,388986,57.74,0,0,0,0,0,NA
17,"Palermo",2018,668405,4230,30,24543,0.3,20,642742,"96",4175,0.62,21488,3.21,262816.878787879,57.8478787878788,391173,58.52,0,0,0,0,0,NA
17,"Palermo",2019,652720,4131,28,24632,0.4,26,628780,"96",3944,0.6,19996,3.06,257466.03030303,57.2730303030303,393544,60.29,0,0,0,0,0,NA
17,"Palermo",2020,647422,4098,15,30355.5,0.29,19,623518,"96",3932,0.61,19972,3.08,252115.181818182,56.6981818181818,394847,60.99,0,0,0,0,0,NA
18,"Geneva",2000,730773,4872,7,36079,0.279166666666667,28.3333333333333,521549,"71",134538,18.41,74686,10.22,246764.333333333,56.1233333333333,393774.666666667,59.5154545454545,0,1,0,0,0,NA
18,"Geneva",2001,742578.166666667,4950.66666666667,7.27272727272727,41802.5,0.268333333333333,37.6666666666667,486424.666666667,"",131366.272727273,19.1372727272727,72882.2727272727,10.6127272727273,241413.484848485,55.5484848484848,392702.333333333,58.0409090909091,0,1,0,0,0,NA
18,"Geneva",2002,754383.333333333,5029.33333333333,7.54545454545454,47526,0.2575,47,451300.333333333,"",128194.545454545,19.8645454545455,71078.5454545455,11.0054545454545,236062.636363636,54.9736363636364,391630,56.5663636363636,0,1,0,0,0,NA
18,"Geneva",2003,766188.5,5108,7.81818181818182,53249.5,0.246666666666667,56.5,416176,"",125022.818181818,20.5918181818182,69274.8181818182,11.3981818181818,230711.787878788,54.3987878787879,409476,55.0918181818182,0,1,0,0,0,NA
18,"Geneva",2004,777993.666666667,5186.66666666667,8.09090909090909,58973,0.235833333333333,66,381051.666666667,"",121851.090909091,21.3190909090909,67471.0909090909,11.7909090909091,225360.939393939,53.8239393939394,427322,53.6172727272727,0,1,0,0,0,NA
18,"Geneva",2005,789798.833333333,5265.33333333333,8.36363636363636,64696.5,0.225,56.3333333333333,345927.333333333,"",118679.363636364,22.0463636363636,65667.3636363636,12.1836363636364,220010.090909091,53.2490909090909,382201,52.1427272727273,0,1,0,0,0,NA
18,"Geneva",2006,801604,5344,8.63636363636364,70420,0.214166666666667,46.6666666666667,310803,"",115507.636363636,22.7736363636364,63863.6363636364,12.5763636363636,214659.242424242,52.6742424242424,337080,50.6681818181818,0,1,0,0,0,NA
18,"Geneva",2007,650123,4334,8.90909090909091,76143.5,0.203333333333333,37,275678.666666667,"",112335.909090909,23.5009090909091,62059.9090909091,12.9690909090909,209308.393939394,52.0993939393939,291959,49.1936363636364,0,1,0,0,0,NA
18,"Geneva",2008,498642,3324,9.18181818181818,81867,0.1925,27.3333333333333,240554.333333333,"",109164.181818182,24.2281818181818,60256.1818181818,13.3618181818182,203957.545454545,51.5245454545455,246838,47.7190909090909,0,1,0,0,0,NA
18,"Geneva",2009,347161,2314,9.45454545454546,78990,0.181666666666667,17.6666666666667,205430,"59",105992.454545455,24.9554545454545,58452.4545454545,13.7545454545455,198606.696969697,50.949696969697,201717,46.2445454545455,0,1,0,0,0,NA
18,"Geneva",2010,349796,2332,9.72727272727273,81198,0.170833333333333,8,205955,"59",102820.727272727,25.6827272727273,56648.7272727273,14.1472727272727,193255.848484848,50.3748484848485,156596,44.77,0,1,0,0,0,NA
18,"Geneva",2011,377296,2515,10,80558,0.16,6,222802,"59",99649,26.41,54845,14.54,187905,49.8,171636,45.49,0,1,0,0,0,NA
18,"Geneva",2012,379527,2530,11,80118,0.24,9,223002,"59",100743,26.54,55782,14.7,188496,49.67,172569,45.47,0,1,0,0,0,NA
18,"Geneva",2013,382099,2547,11,80638,0.18,7,223160,"58",102548,26.84,56391,14.76,189086,49.49,171881,44.98,0,1,0,0,0,NA
18,"Geneva",2014,386660,2578,11,80794,0.23,9,222869,"58",106207,27.47,57584,14.89,189794,49.09,171710,44.41,0,1,0,0,0,NA
18,"Geneva",2015,393307,2622,10,79306,0.13,5,224499,"57",109804,27.92,59004,15,191713,48.74,172500,43.86,0,1,0,0,0,NA
18,"Geneva",2016,399103,2661,11,79732,0.13,5,228681,"57",111036,27.82,59386,14.88,192963,48.35,172590,43.24,0,1,0,0,0,NA
18,"Geneva",2017,402866,2686,11,81430,0.22,9,232694,"58",110350,27.39,59822,14.85,193987,48.15,172048,42.71,0,1,0,0,0,NA
18,"Geneva",2018,407605,2717,11,83391,0.07,3,235891,"58",110761,27.17,60953,14.95,195172,47.88,170649,41.87,0,1,0,0,0,NA
18,"Geneva",2019,411367,2742,12,83747,0.15,6,238288,"58",111261,27.05,61818,15.03,196223,47.7,169360,41.17,0,1,0,0,0,NA
18,"Geneva",2020,475385,2198.5,11,62171,0.22,9,240754,"59",111737,27.16,62869,15.28,197083,50.3191666666667,169140,40.36,0,1,0,0,0,NA
19,"Bremen ",2000,539403,1655,9.5,40595,0.145,6.5,472932,"88",62368.5,14.78,58934.5,12.725,218566.363636364,52.9383333333333,189339.5,39.55,0,1,0,0,0,NA
19,"Bremen ",2001,540950,1659,8,41187,0.07,4,472983,"87",13000,2.4,55000,10.17,240049.727272727,55.5575,209539,38.74,0,1,0,0,0,NA
19,"Bremen ",2002,542987,1666,10,41193,0.0766666666666667,4.33333333333333,473109.666666667,"",13500,2.48666666666667,55866.6666666667,10.3033333333333,261533.090909091,58.1766666666667,209326,38.6066666666667,0,1,0,0,0,NA
19,"Bremen ",2003,543920,1668.5,12,41023,0.0833333333333333,4.66666666666667,473236.333333333,"",14000,2.57333333333333,56733.3333333333,10.4366666666667,283016.454545455,60.7958333333333,209113,38.4733333333333,0,1,0,0,0,NA
19,"Bremen ",2004,544853,1671,14,41331,0.09,5,473363,"87",14500,2.66,57600,10.57,304499.818181818,63.415,208900,38.34,0,1,0,0,0,NA
19,"Bremen ",2005,545932,1675,15,41190,0.24,13,473829,"87",16400,3,55900,10.24,325983.181818182,66.0341666666667,210839,38.62,0,1,0,0,0,NA
19,"Bremen ",2006,546852,1677,13,43267,0.24,13,474497,"87",16400,3,55900,10.22,347466.545454545,68.6533333333333,210094,38.42,0,1,0,0,0,NA
19,"Bremen ",2007,547934,1681,11,44458,0.31,17,476020,"87",17200,3.14,54700,9.98,368949.909090909,71.2725,186839,34.1,0,1,0,0,0,NA
19,"Bremen ",2008,547769,1680,9,44768,0.18,10,475885,"87",18200,3.32,53700,9.8,390433.272727273,73.8916666666667,186483,34.04,0,1,0,0,0,NA
19,"Bremen ",2009,547360,1679,9,40792,0.18,10,476018,"87",20100,3.67,51300,9.37,411916.636363636,76.5108333333333,186510,34.07,0,1,0,0,0,NA
19,"Bremen ",2010,547685,1680,8,43118,0.18,10,476500,"87",19900,3.63,51300,9.37,433400,79.13,188962,34.5,0,1,0,0,0,NA
19,"Bremen ",2011,547340,1679,7,45173,0.24,13,477054,"87",19100,3.49,51200,9.35,443600,81.05,192000,35.08,0,1,0,0,0,NA
19,"Bremen ",2012,544043,1669,6,46268,0.28,15,476518,"88",18500,3.4,45500,8.36,438800,80.66,194363,35.73,0,1,0,0,0,NA
19,"Bremen ",2013,546451,1676,7,46179,0.11,6,479390,"88",20800,3.81,46300,8.47,437800,80.12,196188,35.9,0,1,0,0,0,NA
19,"Bremen ",2014,548547,1683,6,46915,0.2,9,478259,"87",22700,4.14,47500,8.66,429100,78.22,198211,36.13,0,1,0,0,0,NA
19,"Bremen ",2015,551767,1693,5,46670,0.29,16,476699,"86",24800,4.49,50300,9.12,422500,76.57,199850,36.22,0,1,0,0,0,NA
19,"Bremen ",2016,557464,1710,5,46886,0.2,11,473533,"85",25000,4.48,58900,10.57,417900,74.96,202395,36.31,0,1,0,0,0,NA
19,"Bremen ",2017,565719,1735,4,47621,0.16,9,472144,"83",27700,4.9,65800,11.63,418500,73.98,205392,36.31,0,1,0,0,0,NA
19,"Bremen ",2018,568006,1742,4,47079,0.09,5,468831,"83",29200,5.14,69900,12.31,417500,73.5,207676,36.56,0,1,0,0,0,NA
19,"Bremen ",2019,569352,1746,5,47484,0.12,7,465859,"82",30300,5.32,73200,12.86,416200,73.1,208707,36.66,0,1,0,0,0,NA
19,"Bremen ",2020,567559,1741,6,43708.2,0.18,10,462431,"81",28600,5.04,38560,0,414000,72.94,209651,36.94,0,1,0,0,0,NA
20,"Murcia",2000,357166,405,12,39932.4,0.183125,15.3333333333333,352526,"99",720,0.2,3920,1.1,410745.272727273,74.0990909090909,170197.8,30.174,0,0,0,0,0,NA
20,"Murcia",2001,370745,421,12,36156.6,0.18625,20.6666666666667,354488,"96",1148,0.31,15109,4.08,407490.545454545,75.2581818181818,130744.6,23.408,0,0,0,0,0,NA
20,"Murcia",2002,377888,429,12.8571428571429,32380.8,0.189375,26,358586,"95",1100,0.29,18202,4.82,404235.818181818,76.4172727272727,91291.4,16.642,0,0,0,0,0,NA
20,"Murcia",2003,391146,444,13.7142857142857,28605,0.1925,31.3333333333333,362087,"0",1364,0,24900.5,0,400981.090909091,77.5763636363636,51838.2,9.876,0,0,0,0,0,NA
20,"Murcia",2004,398815,453,14.5714285714286,29217,0.195625,36.6666666666667,365588,"92",1628,0.41,31599,7.92,397726.363636364,78.7354545454545,12385,3.11,0,0,0,0,0,NA
20,"Murcia",2005,409810,465,15.4285714285714,30096,0.19875,42,368189,"90",3574.75,0,35389.5,0,394471.636363636,79.8945454545455,186969,45.62,0,0,0,0,0,NA
20,"Murcia",2006,416996,473,16.2857142857143,30868,0.201875,30,370652,"89",5521.5,0,39180,0,391216.909090909,81.0536363636364,196001,47,0,0,0,0,0,NA
20,"Murcia",2007,422861,480,17.1428571428571,31656,0.205,31,372482,"88",7468.25,0,42970.5,0,387962.181818182,82.2127272727273,201081,47.55,0,0,0,0,0,NA
20,"Murcia",2008,430571,489,18,31402,0.208125,21,374395,"87",9415,2.19,46761,10.86,384707.454545455,83.3718181818182,212268,49.3,0,0,0,0,0,NA
20,"Murcia",2009,436870,496,18.8571428571429,29298,0.21125,20,377262,"86",10168.5,0,48192.5,0,381452.727272727,84.5309090909091,214278,49.05,0,0,0,0,0,NA
20,"Murcia",2010,441345,501,19.7142857142857,29138,0.214375,14,380799,"86",10922,2.47,49624,11.24,378198,85.69,214302.5,49.01,0,0,0,0,0,NA
20,"Murcia",2011,437667,497,20.5714285714286,28309,0.2175,16,383990,"88",8991,2.05,44686,10.21,380596,86.96,214327,48.97,0,0,0,0,0,NA
20,"Murcia",2012,441354,501,21.4285714285714,27578,0.220625,16,384700,"87",9768,2.21,46886,10.62,381715,86.49,149842.5,34.225,0,0,0,0,0,NA
20,"Murcia",2013,438246,497,22.2857142857143,27641,0.22375,16,385923,"88",8275,1.89,44048,10.05,382646,87.31,85358,19.48,0,0,0,0,0,NA
20,"Murcia",2014,439712,499,23.1428571428571,27760,0.226875,10,388510,"88",8512,1.94,42690,9.71,384779,87.51,211600,48.12,0,0,0,0,0,NA
20,"Murcia",2015,439889,499,24,29404,0.23,10,390737,"89",8149,1.85,41003,9.32,386357,87.83,214044,48.66,0,0,0,0,0,NA
20,"Murcia",2016,441003,501,19,30123,0.39,17,392572,"89",8040,1.82,40391,9.16,387879,87.95,219121,49.69,0,0,0,0,0,NA
20,"Murcia",2017,443243,503,17,30728,0.59,26,394999,"89",13536,3.05,34708,7.83,389364,87.84,209813,47.34,0,0,0,0,0,NA
20,"Murcia",2018,447182,508,17,30607,0.36,16,397348,"89",13984,3.13,35850,8.02,391083,87.45,215272,48.14,0,0,0,0,0,NA
20,"Murcia",2019,453258,514,15,30928,0.31,14,399668,"88",8797,1.94,44793,9.88,392828,86.67,220321,48.61,0,0,0,0,0,NA
20,"Murcia",2020,459403,521,16,NA,0.17,8,401620,"87",9228,2.01,48555,10.57,394167,85.8,224000,48.76,0,0,0,0,0,NA
